author,published,site_url,label,title_without_stopwords,text_without_stopwords
Edjenner,2016-11-23T15:48:00.742+02:00,dailywire.com,Real,Things jfk assassination.,Underwater handgun takes fishing level fun chase stephens fishing boring sitting staring endlessly rod reel never bite mocking waterbreathers highnoon shootout nature intended well thats florida boys modified glock pistol gulf mexico infestation lionfish thesickest provides lionfish overpopulation problem boys creative address lionfish invasive species natural predators whos females lay staggering million eggs intersection ammunitionhappy Americans determent overpopulated species sporting phenomenon birthed lionsfish never intended gulf mexico speculated transplant linked hurricanes rapid reproductive nature waters flooded presence single lionsfish consumes reefs edible baitfish weeks arriving reef incredibly damaging plant cornerstone underwater ecosystem issue gotten point entering florida coast mean running thousands lionsfish posted chilling introduction gun potential bringing hunters uninterested fishers gulf fun filled shooting underwater activity looks blast shows fun shooting invasive lionfish underwater customized glock handgun gulf mexico description states project shoot gun underwater evolved involved lionfish invasive species eradicated weapons modifications done supervision airborne arms inc license holder manufacturer firearms destructive devices lone wolf glock parts exit fisherman whove combined skiing barbarian weaponry peoria illinois asian carp problem.
Edjenner,2016-11-23T17:02:12.126+02:00,dailywire.com,Real,Tim allen hollywood bullies Trump supporters.,Wall street journal presidentelect Donald trumps son Donald attended meeting paris hosted tank connected Russia convened.
Edjenner,2016-11-24T00:49:53.077+02:00,dailywire.com,Real,Donald Trump Russian advocates syria.,Perfect father heaven perfect lets compare christ perfected sufi christs teachings attainment perfection everyone familiar jesus teachings sermon mount masters injunction disciples thine enemy cheek verses gospel matthew quoted verses testament hath eye eye tooth tooth unto resist evil whosoever smite thee thy cheek also sue thee law away thy coat thy cloke also whosoever compel thee mile twain asketh thee borrow thee thou away hath thou shalt thy neighbour hate thine enemy unto enemies bless curse hate pray despitefully persecute hath eye eye tooth tooth unto resist evil whosoever smite thee thy cheek also sue thee law away thy coat thy cloke also whosoever compel thee mile twain asketh thee borrow thee thou away hath thou shalt thy neighbour hate thine enemy unto enemies bless curse hate pray despitefully persecute father heaven maketh sun rise evil sendeth rain unjust reward publicans salute brethren others publicans perfect father heaven perfect matt sufi addresses concept manner strength opposed perceived weakness dont reflect extend mind takes discover issues addressed sufi master soldier protracted war point engaged fierce mortal combat furious battle finally overcame vicious determined foe besting enemy driving ground sufi moment deliver fatal thrust sword neck prostrate enemy foe cried anguish sword single moment things sufi attack surrendered sword enemy soldier dumbfounded taking sword sufi present sword stupid thing sufi shrugged grants request matter great replied cooly sword honor bound fulfill request soldier rose recognizing sufi perfected master returned sword falling feet spared life disciple forth sufi master.
Edjenner,2016-11-25T15:47:35.740+02:00,dailywire.com,Real,Obama medal freedom.,America vanquished America Israeli colony lasha darkmoon angloamerican academic higher degrees classics works england darkmoon posts.
Admin,2016-10-27T21:15:44.654+03:00,darkmoon.me,Fake,Swedish quits disgust jewish ownership includes red ice radio.,Jaggers discussed reasons Trump election jaggers thinks Trump promoted interests vast underclass disenfranchised whites sick death neoconservative liberal elites typified loathsome Hillary Clinton trumps interests jaggers believes betray whites voted reneging promises uturns cuddling zionist enemy wishywashy compromises backslidings Trump expected America great else tall order well times surreal feeling history living period dynamic change unthinkable Trump elected brexit unthinkable events contemplate entail selection members priorities building wall christmas feelingeveryday paraphrase die welt western democracies status quo seems stable extremes transpire quibble extreme Donald Trump altright matter extreme electoral consent regardless endless forth stultifying uncourageous republicans frankly antiwhite agenda democrats extreme negative connotation implies deliverance locked middleclass complaisance precisely societies often foreseeable alas though unspeakable liberals though object ridicule Trump powerful world die welt puts apprehension sink explanatory factors trumps appeal equally reaction black matter protests immigration exit polls percent Trump voters blacks treated criminal justice system definition means voters sympathetic black matter overall half white voters democrats republicans opined blacks treated police anecdotal evidence nonaltright members acquaintances amused black matter Trump voters unamused Trump supporters percent favor building wall southern border compared less half voters percent oppose percent favor antipathy black matter immigration catapulted Trump presidency turning mainstream middleclass white content statusquo moderates wall per also complain loudly trumps actual voters builtunequivocally losing steam amongst collegeeducated whites Trump white working class points increase romneys point spread ultimately narrative emerges Trump increased white key swing states rural suburban demographics order dominate electoral college wont pretend nate silver lets white among supporters opines thomas friedman bill maher percent race percent race lets accept premise liberals draw conclusions Trump triumphed basis race issues mandate immigration law order wall etc nytimes david brooks holding forth public broadcasting service pbs Trump voters going gene pool bald Trump voters voting ethnic interests election brooks predicted country split factions faction advocating ethnic separatism alt advocating nixon history law order candidate accurately characterized proclivities visa vis crime Trump hand doubt selfidentified law order candidate liberals complain altright readily admit law order mean tolerate black violence civil unrest trumps premised intolerance violence election provoked blacks malcontent minorities protests following victory ironic blacks feeling prospect Trump presidency fact progenitors violence Trump never negative statements explicitly blacks violence disorder rest civil society contributing trumps election blacks expressing fear attacking innocent whites inverted reality assuage sensitive blacks sense fear human punching bags cant always thing minorities learned years whites natural corollary indignation following surprise victory journalists noted amusement Trump often rolling stones cant always campaign rallies hypothesized Trump song beautiful choral section celestial quality anticipation arrival stage heed message lyrics discordantly suggest voters second choice makes sense suggest underprivileged color learned cant always color poc attitude entitlement aggrievement ridiculous also presumptuous msm claims onus Trump didnt vote blacks hispanics mandate serve interests vote follows logically project enact policies mobilized base oval office.
Arch Stanton,2016-10-28T14:49:32.847+03:00,darkmoon.me,Fake,Christ sufi parable perfection.,Stages exorcism process lobro van helsing authored lobro van helsing consists largely graphic exorcism process described malachi martin controversial book hostage devil entitled deceiver world lasha darkmoon continues leaves reflects apocalyptic issues armageddon days problem evil role jews human history devils finest trick persuade exist charles baudelaire accept least hypothetically words observant thinkers baudelaire devils finest trick convince exist accepted devil preys human souls predators natural political online disguise shouldnt comprehension devil existed whichever cloak invisibility effective occasion seeing devil sensing presence proves nothing interested material comes book hostage devil father malachi martin trained exorcist roman catholic tradition malachis material featuring cases authentic demonic possession accompanying exorcisms modern America carefully vetted tape recorders reinforced lengthy participants exorcism process south africa clara germana cele age reportedly pact devil result behavior suddenly bizarre startled nuns convent school clara student witnessed tearing clothes growling animal engaging conversation unseen entities nuns girls skin burn sprinkled holy water lash violently crosses sacred objects presenceshe also reportedly clairvoyant powers able describe personal peoples couldnt accounts nuns also clara possessed ability foreign languages never exposed polish german french others clara imbued superhuman strength well easily overpowering authority figures school attempted restrain seemingly farfetched assertion witnesses clara began levitating feet air regular basis clothes sticking body managed defy laws gravity claimed sprinkled holy water also temporarily snap possessed state outlandish claims ability transform snakelike creature body becoming flexible rubber slithered floor point bitten nun arm puncture marks serpents fangs note case history malachi martins hostage devil afterthought since contains typical features demonic possession please minute spanish english subtitles warning contains material deeply disturbing sensitive disposition advised refrain reading apart quoted extracts randomly among illustrate aspect possession exorcism wish following points although book deals cases catholic community demonic possession universal phenomenon noted researched countries world possessor often referring kingdom plural selects victims gripped spiritual emotional intellectual conflict accepted mores society church inserting undetected fault lines exploiting catastrophic consequences loss self identity soul personality follows result invariably element guilt victim initially invited possession aberrant behavior life style extreme cases possessed individual formal request possession order gain advantage worldly wealth fame process expelling possessing malignancy moves identifiable stages experienced exorcists malachi martin notes fact mentor exorcist case book names general stages exorcism names reflect general meaning effect intent happening specific means evil spirit exorcist conor stages presence pretense breakpoint voice clash expulsion exorcism exacts practically intolerable toll priest charge infrequently resulting death point junior helper task demonic possession isolated freak phenomenon seems rise United States demise religious authority proliferation satanist covens abuse sacrifice prevalence glorification satanist elements pop culture finally acceptance sexual perversion norm incidence exorcism martin begins pointing steady rise percent increase exorcisms performed mids period alarming increase requested possessions cases possessed formally request satan possess comparison cases incurred possessions result sorts activities possessed facilitate possession exorcisms thousands exorcisms performed experts field sobering barometer increase cases possession sobering realize cases possession cannot addressed thousands letters desperate catholic protestant evangelical unchurched eloquent anguished steadily mounting testimony crisis law officers increasingly confronted incontrovertible signs crimes committed course ritualistic satanism grisly result individuals participation rituals often shrunken loop expert advice assistance advice assistance routinely active field exorcism acquire greater usual ability uncover recognize marks ritualistic satanism police precincts satanist character crime relegated background mentioned least public reports police choice competence authority rarefied field satanist behavior points numerous occasions mythology folklore vampires werewolves tale faustus adapted marlowe goethe jesus christ course grand exorcist gadarene swine incident opus seems focused confronting devil judaism life tale speculative elements reader stages demonic possession moment exorcist enters room peculiar feeling seems hang air moment genuine exorcism onward duration everyone room aware alien presence indubitable sign possession unexplainable unmistakable inescapable signs possession blatant grotesque subtle debatable pale marshaled face presence physical trace presence everyone feels experience cannot locate spatially beside possessed corner bed hovering midair sense presence nowhere magnifies terror presence present present singular plural speaks exorcism refer reminiscent possessing entity gospel jesus replied legion legion invisible intangible presence claws humanness gathered room exercise logic expel mental.
Admin,2016-10-29T04:55:04.636+03:00,darkmoon.me,Fake,Hillary finished FBI reopens case latest crimes.,Supplemantry note lasha darkmoon transhumanist depopulation agenda condition hitlers clone president plan cloning hitler making president commander chief reckoning arrived vid rebel never supported Donald Trump interested anger bernie sanders Donald Trump voters election bbc reporter explain Hillary state huge black vote lots technically advanced state Americans researchtriangle park Obama ditch effort vote amongst college students voted Hillary bbc reporter bernie voters zero enthusiasm Hillary previously quoted mike rivero Hillary Clinton running godzilla lizard vote Hillary koolaid drinkers crazy Donald bubbles career suicide voted hillarys corruption domestic antitrump propaganda Donald zionist agree Donald funding ISIS vladimir Putin Obama armed ISIS band international menace overnight allowing mosul refusing usaf highway syria disagree donalds intention confront Iran resisting zionism fortunately Iran Trump americas rulers irrelevant course Americans blindly government United States europe sheer postelection idiocy claiming Donald Trump puppet fourth reich backed industrialists money men elevated adolf hitler chancellorship silly rockefellers rothschilds backed Trump admit America criminal elite catherine austin fitts military intelligence services Donald green dish dirt Hillary men vile mechanism runs America Hillary witch elite game times plan cloning hitler making president commander chief owned governments west families minions david rothkopf former ceo kissinger associates author superclass fortunately europe learning resist voted presidential election Democrat trilateral commission headed david rockefeller north America sir evelyn rothschild europe Republican bilderberg society headed sir evelyn rothschild europe headed david rockefeller north America never corporate please hollywood nazis jewish jewish companiesthe direct ties born rule banking industry nazis transhumanist depopulation agenda breakthrough transhumanist agenda presidential election catherine austin fitts former assistant housing secretary publisher solari engineered rise autism gmo proliferation expansion entrainment technology rise artificial intelligence robotics dumbing American students core argued overarching conspiracy massive transhumanist depopulation agenda achieved engineered economic armageddon leading mass starvation food riots race wars wipe billions face apocalyptic scenario unfold anyones guess moment doomsayers declare coming Donald Trump regarded omen days vid rebel continues catherine austin fitts bankers stole trillion stole bankers charge interest money nothing founded bank england America copied bank england german central bank drafted legislation federal reserve law America unpayable debt interest fund United States elite allies accept germanys fighting elite war bankrupt britain france jewish communist dictatorship Russia palestine british colony jews none benefited voters europe America cannot despise families condition hitlers clone president elite stole pensions savings hundreds trillions bets.
Admin,2016-11-19T12:47:58.921+02:00,darkmoon.me,Fake,Demonic possession.,John kaminski boss boss forget thats kaminski youre kidding presidentelect Donald trumps claim reinvestigating meaningless air neocon crapola intends solve greatest crime American history events participating perpetrators rudy giuliani lewis eisenberg detectives truth expect sandbagged scrutiny none government investigating predictable results total whitewash system political functionaries trying defend bears responsibility event impact history hiring supporting roles bloodbath identify architects actors yield sacrificial scapegoats cheney generals line power structure solidly utterly control world events Trump surrounded tainted players wars Israel augurs future militarization America shrink individual harsh crackdown legitimate dissent banned plainly signals speech United States recall thomas jeffersons dictum freedom press cannot limited gone press prints government allows Trump hire rancid refugees bush administration means wont investigating crafting realistic coverup lambastes saudi renegades omits overwhelming presence Israeli jews aspects tragedy presence dominates government criminal activities world preemptive war criminal activity case didnt practicing everywhere cynical guise fighting terror creates hiring thugs world fit terror slots believable enemies press vilify military bomb slaughtered millions world behest mostly jewish men gentiles control virtually money world also control thoughts result mayor giuliani command building knocked hit airplane giuliani knows everything eisenberg worlds foremost financiers head york port authority leased twin towers silverstein silverstein frequently Israeli leaders wound billion question regard trumps integrity splits since seems genuine desire succeed restore peace indebted forces larger trying placate surrounding traditional pseudo Republican goons gingrich romney genuine republicans wouldnt theyre poseurs ultimately working rockefellers rothschilds business usual jewish American empire gnawing fatted calf bleeds trumps choices reveal desire swashbuckling sadism bush administration campaign always shuddered Trump proclaim stronger military beneath bombs newspaper blows trivial events earthshaking issues politicians identify manner enemies demonstrate desperate elected boston marathon bombing mercenary drill region suspension freedom movement presented inconvenient facts behind atrocities flag shockers foisted since statistics reveal terror incidents began life FBI sting operations manipulating bigmouths capital crimes cops commit crimes cant commit crimes cops freedom wed growing Trump addressing issues Trump administration merely clumsy depredations smokescreen lies exemplified utterly corrupt criminal nature United States jews bankers holed city london wreaking havoc world control everyones money accounting jews done United States restitution United States citizens moneys illegally stolen federal reserve corporation stockholders immediately course jews government corrupt minions word youre job avaricious jews reflection darker humanity sociopaths learned everything mimicking others everyone else simply practice cooperation never fate world ultimately depends treating everyone world members becomes continent overrun savages sadists control United States fearsome war machine war machine medicine food control everything consolidate hold population rapidly shaped cattle hebrew herders always disclaimer articles published reflect views original authors necessarily mirror outlook anyone associated mins.
Admin,2016-11-21T15:40:18.377+02:00,darkmoon.me,Fake,Fourth reich reckoning arrived.,Steve bannon donalds trumps chief strategist senior counselor jew years steve bannon antisemite white nationalist doesnt antisemitic bone body david horowitz jewish founder david horowitz freedom center editor frontpage magazine presidentelect Donald Trump named steve bannon controversial figure behind altright breitbart network senior strategist jewish groups raised alarm antidefamation league condemned saying bannons racists fostered hatred jews jewish defenders breitbarts ceo senior editors ally proud zionist hesitation steve jewish defender Israel well passionate American patriot great leader joel pollak orthodox jew senior editor breitbart breitbarts origin roots Israel larry solov breitbarts ceo president close jewish colleague bannon breitbart solov describes conception solov writes trip Israel andrew breitbart jewish founder namesake born defend jewish state thing discussed desire unapologetically profreedom proisrael solov sick antiisrael bias mainstream solov breitbart blown away spirit tenacity resourcefulness Israeli trip solov breitbart died bannon editor bannons leadership platforms gateways altright diverse traffics white nationalism racism richard spencer founder political movement advocates creation white ethnostate breitbart gateway altright ideas writers trumps campaign enamored Republican candidate lampooned attacked opponents ben shapiro former writer breitbart bannon betrayed original vision sites founder andrew breitbart despised racism shapiro bannon embracing Trump changed breitbart altright goto pushing white ethnonationalism legitimate response political correctness section turning cesspool white supremacist mememakers appealed antisemites retained zionist bona fides bannon bannon launched jerusalem branch breitbart covers events Israel edited israelbased American reporter aaron klein bannon advocate klein yeshiva university graduate also columnist jewish press weekly newspaper conservative bent klein antitrump protests country product professional agitators seeking downfall capitalist system activist pamela geller antiislamic campaigning also counts among bannons jewish allies geller defended bannon dismissing characterizing bannon antisemite partnered breitbart jew partnered larry solov breitbart died jew jew zionist david horowitz founder conservative tank david horowitz freedom center also bannons defense saying bannon antisemitic bone body jew years steve bannon horowitz forward antisemite white nationalist proof steve bannon going anything challenge jewish power America Israel thoughtprovoking occidental observer antisemitism political assassination smearing steve bannon stage though course diehard antisemites ardent white nationalists dreams foreseeable future thats makes antisemites white nationalists angriest earth dreams constantly shattered jews becoming powerful tyrannical expense constant defeat leaves bitter taste mouth.
Admin,2016-11-22T17:49:50.111+02:00,darkmoon.me,Fake,Donald Trump hitler.,David duke slattery expose hillarys treason Trump duke david duke slattery expose hillarys treason Trump duke duke slattery talked hillarys acts treason United States providing massive shipments weapons saudi arabia providing ISIS duke elected Senate position expose Hillary push impeachment steal election blood traitors hands slattery discussed postelection scenarios noted Trump wins close election Republican electors bribed vote Hillary throwing election vote pence throwing election house representatives amongst Trump Hillary pence Hillary Trump supporters election illegitimate impeachment extremely educating enlightening please widely aired replayed eastern eastern.
John Kaminski,2016-11-23T13:19:41.075+02:00,darkmoon.me,Fake,Fooling Trump messiah includes.,Duke reverend dankof state campaign synagogue satin duke reverend dankof state campaign synagogue satin duke discussed state campaign television commercials preparing televised debate leading candidates critical putting pastor mark dankof calls listeners jesuss warning synagogue satin pastor dankof ended passionate warning risk world war iii Hillary elections great wont miss.
Admin,2016-11-24T19:47:13.277+02:00,darkmoon.me,Fake,Trump aide steve bannon virulent antisemite ardent zionist.,Clinton syria iii Trump Clinton syria iii Trump wed oct Republican presidential candidate Donald Trump speaks campaign rally orlando sanford international airport sanford florida.
Dr. Patrick Slattery,2016-10-26T21:25:10.258+03:00,davidduke.com,Real,Duke reverend dankof state campaign synagogue satin.,Duke macdonald prosecution Hillary treasonous ISIS duke macdonald prosecution Hillary treasonous ISIS duke professor kevin macdonald talked tide turning Donald trumps direction spite efforts zio divert voter attention Donald trumps alleged problems women hillarys treasonous crimes increasingly hide fact Hillary prosecuted inaugurated supported ISIS war syria terrorism America thugs disrupt trumps political events government positions peddal influence prison extremely educating enlightening please widely aired replayed eastern eastern.
Dr. Patrick Slattery,2016-10-27T19:01:11.700+03:00,davidduke.com,Real,Clinton syria iii Trump.,Clintons nofly zone syria war Russia warning jcs chairman general dunford global research failed address confrontation state department joint chiefs staff chairman joint chiefs staff general joseph francis dunford.
Dr. Patrick Slattery,2016-10-27T19:01:11.753+03:00,davidduke.com,Real,Dukes powerful television commercial.,David duke mark collett collett explains duke Trump victories change politics forever david duke mark collett collett explains duke Trump victories change politics forever duke mark collett guest hour talked developments dukes race Senate also talked medias attempts avoid discussing barrage revelations wikileaks sink hillarys campaign job mark collett Muslim invasion developments europe also talked collapse morality culture vicious antiwhite racist zio great weekend listening please widely aired replayed eastern eastern.
Dr. Patrick Slattery,2016-10-27T19:13:31.635+03:00,davidduke.com,Real,Duke macdonald prosecution Hillary treasonous ISIS.,Steal election Trump winner steal election Trump winner patrick slattery great talk rigging elections Trump talks accuses threat democracy refusing accept voters nobody asks Hillary accept voters course electoral system unfair biased rigged variety levels going detail plays crucial role staging elections abandoned pretense neutrality ballot access unfair campaign finance corrupt electronic voting machines vulnerable voting foreigners dead exists multiple voting individuals massive threat gone unmentioned vulnerability electoral college postelection shenanigans aware constitution president elected designated congressional elections happens years states electors electoral college selected voters days republic state legislatures select electors constitution allows state legislatures determine electors selected electoral college elects president happens second electors respective state capitals cast ballots Washington vice president biden joint session Congress scene michael moores fahrenheit showing vice president gore reading votes elected president bush ironically denying objections raised congressmen floridas electoral votes bush gore amidst greatest controversy system enshrined constitution plenty unless Hillary complete meltdown Trump victory electoral college map plausible scenario Trump losing pennsylvania winning rest battleground states plus maines congressional districts maine nebraska allow electors elected congressional district basis winnertakeall scenario Republican electors elected bare majority Democrat electors elected notice Trump electoral votes hearing fact electoral votes cast guarantee single Republican electors vote Trump months alarmed prospect supposed Trump delegates Republican national convention deserting Trump voting cruz Trump piled victories final primaries majority delegates cause never Trump Republican establishment rigging convention electors method electing electors states method nominating candidates electoral college also states states allow presidential candidates nominate slate electors presumably counted loyal states partys slate electors state party conventions electoral district conventions attended convention nomination Democratic elector contenders speeches convention talked precinct captains hardworking party volunteers speech calling direct election president abolition electoral college huge round applause easily matter principle withdrew nomination point electors unknown public cogs party apparatus necessarily highlevel ones smoothtalking slicksters unknown party Republican electors betray Trump faithless elector faithless electors never ultimately altered outcome presidential election faithless electors history fact faithless electors caused Congress election vice president half states laws punishing faithless voters states votes faithless electors count nightmare situation close election Hillary never Trump bribe pressure Republican electors Trump vote Trump vote Hillary vote pence vote anyone else abstain voting happens Republican electors cajoled voting Hillary scenario Hillary gets inaugurated tie house representatives breaks tie Republican members house wont vote Trump president reason assume vote republicans retain majority house voting president house vote vote per state means california Democratic representatives vote alaskas single Republican also vote heavily favors republicans means Hillary cannot flip Republican electors majority electoral votes finished prospect house electing Hillary Republican electors vote paul ryan example candidate gets majority house representatives gets vote finishers electoral college vote coalition democrats Republican defectors deny Trump presidency ryan applies case mormon excia operative nevertrump independent presidential candidate evan mcmullen wins utah polls predict none scenarios pass face fact establishment nothing defeat Trump fetched tactics voting produces victory Trump inventing reasons Trump uniquely unfit president claim constitution allows scenarios case fact framers constitution electoral college case incumbent members electoral college Congress violation peoples tolerated.
Dr. Patrick Slattery,2016-10-27T19:24:28.633+03:00,davidduke.com,Real,Clintons nofly zone syria war Russia warning jcs chairman general dunford.,David duke farren shoaf countdown days trumps presidency critical primary duke Senate david duke farren shoaf countdown days trumps presidency critical primary duke Senate duke radio talk host farren shoaf guest hour criminal aspects revelations Hillary Clinton addition outrages hillarys ISIS.
Dr. Patrick Slattery,2016-10-28T19:58:12.527+03:00,davidduke.com,Real,David duke mark collett collett explains duke Trump victories change politics forever.,David duke adrian salbuch international impact president Trump senator duke david duke adrian salbuch international impact president Trump senator duke duke renown argentine journalist adrian salbuchi guest hour aired replayed eastern eastern.
Dr. Patrick Slattery,2016-10-31T10:59:32.036+02:00,davidduke.com,Real,Steal election Trump winner.,Stopping duke debate tonight eastern stopping duke debate tonight eastern dukes epic debate broadcast cspan eastern cspan cspan original cspan leagues baby also cspan radio cspans streaming although sign plenty figure cspan radio sign.
Dr. Patrick Slattery,2016-10-31T18:28:51.983+02:00,davidduke.com,Real,David duke farren shoaf countdown days trumps presidency critical primary duke Senate.,Steal Trump electoral college slattery shoaf steal Trump electoral college slattery shoaf farren shoaf host alternative rbn slattery upcoming election talked hillarys scandal steal Trump electoral college civilization collapse Hillary elected.
Dr. Patrick Slattery,2016-11-01T21:55:49.836+02:00,davidduke.com,Real,David duke adrian salbuch international impact president Trump senator duke.,David duke storms Senate debate tonight fighting country david duke storms Senate debate tonight fighting country duke talked corrupt controls political system manipulates elections example polls never random manipulated selective sampling polling results impact selection voters dont waste vote chance winning talked debate tonight cspan streaming slattery joined fact Donald Trump becomes president european Americans single voice representing interests Washington unless david duke wins race Senate aired replayed eastern eastern.
Dr. Patrick Slattery,2016-11-02T07:22:16.097+02:00,davidduke.com,Real,Stopping duke debate tonight eastern.,David duke prof kevin macdonald dukes overwhelming victory debate david duke prof kevin macdonald dukes overwhelming victory debate duke talked senatorial debate attempt black matter activists attack police escort socalled moderator debating despite target attacks sides duke judged winner respondents nbc online poll professor kevin macdonald joined talked significance debate election amazing dont miss aired replayed eastern eastern.
Dr. Patrick Slattery,2016-11-02T09:10:27.146+02:00,davidduke.com,Real,Steal Trump electoral college slattery shoaf.,Debate duke USA becoming banana republic debate duke USA becoming banana republic viewing audience debate.
Dr. Patrick Slattery,2016-11-02T20:11:29.060+02:00,davidduke.com,Real,David duke storms Senate debate tonight fighting country.,David duke mark collett discuss dukes Senate race brexit ethnic supremacism discuss david duke mark collett discuss dukes Senate race brexit ethnic supremacism discuss duke british activist mark collett guest talked dukes Senate campaign well latest judges britain block implementation brexit also talked implications antiwhite governance britain America white countries alone deluged massive immigration world great please spread aired replayed eastern eastern.
Dr. Patrick Slattery,2016-11-03T21:10:52.270+02:00,davidduke.com,Real,David duke prof kevin macdonald dukes overwhelming victory debate.,David duke launches powerful spots louisiana thanks donating closing downs latest buys campaign thanks contributed closing days election.
Dr. Patrick Slattery,2016-11-03T21:10:52.388+02:00,davidduke.com,Real,Debate duke USA becoming banana republic.,David brooks whites voting gene pool ruined globalization immigration feminism patrick slattery pbs hour david brooks white voting gene pool wow wow david brooks york times column jewish speech knowing jewish speech description jews America acknowledged column caseone jewish professors boasted jews earn episcopalians vote puerto ricans words voted gene pool course eventually Republican party well gene pools vote choice blacks famously vote gene pool hispanics expected vote gene pool whites whites alone ethnic interests voting brooks rest zio elite goyish lackey deplorable less educated schooleducated whites going Trump doesnt matter guy collegeeducated going Clinton sense campaign barely matters going gene pool whatever depressing aspects race brooks reasons whites collegeindoctrinated whites voting gene pool interesting things years America globalization America influx immigrants America feminism America society things schooleducated white guys displaced david brooks growing whites close American population doesnt sense displacement bulk American population America course specify schooleducated white guys well blacks globalization immigration feminism employment rates crime rates illegitimacy rates etc white women well ever blue hair nose rings tattoos raise cats babies guess never college educated white guys well harvard yale affirmative action blacks hispanics competition asians massive jewish nepotism white guy lucky secondtier state school brooks conclusion breath taking shame paying attention helping result alienated super cynical shafted react well thats shock years American history going forward reverse dynamism American society diversity attention ruined doesnt admits whites shafted ruined diversity thing line doesnt concerned hispanics jewed America inherit whites rest appearance poetic rant Donald Trump luck Trump elected president begin process making America America.
Dr. Patrick Slattery,2016-11-04T21:47:41.528+02:00,davidduke.com,Real,David duke mark collett discuss dukes Senate race brexit ethnic supremacism discuss.,Duke andrew anglin discuss vote election duke andrew anglin discuss vote election duke daily stormer publisher andrew anglin guest hour talked importance election remarked Clinton campaign makes baseless accusations russians hack voting machines manipulate election insisting Trump pale suggesting Hillary forces rig vote also talked york times columnist david brooks admission pbs hour result globalization immigration feminism white men America displacedshafted ruined Trump going gene pool brooks jewish Republican cannot president Donald Trump message andrew anglin admitting voting machines hacked overwhelm polls everyone vote dont wait phonebook cellphone single liberal commie going vote ride lets immediately following duke mailbox emails saying powerful inspiring radio broadcast ever spread aired replayed eastern eastern.
Staff,2016-11-05T20:51:24.174+02:00,davidduke.com,Real,David duke launches powerful spots louisiana.,David duke slams nfl black matter football game Senate campaign nfl bosses cringe david duke slams nfl black matter football game Senate campaign nfl bosses cringe football Senate candidate slams nfl salute black panthers black matter superbowl incited black racist shootings dallas baton rouge thank god campaign rules freedom speech America dont.
Dr. Patrick Slattery,2016-11-07T09:33:32.632+02:00,davidduke.com,Real,David brooks whites voting gene pool ruined globalization immigration feminism.,Election rigging tricks Trump brexit slattery collett election rigging tricks Trump brexit slattery collett patrick slattery mark collett talk myriad ways establishment rig outcome brexit vote presidential election british court allowing government overturn voters American establishment block inauguration Donald Trump winner election also discuss needs done control societies.
Dr. Patrick Slattery,2016-11-07T21:18:15.434+02:00,davidduke.com,Real,Duke andrew anglin discuss vote election.,David duke exults begin America confident whatever outcome tonight awakened david duke exults begin America confident whatever outcome tonight awakened duke expressed confidence Donald Trump headed electoral success matter outcome awakened position society slattery pointed monumental effort duke enormous sacrifices physical risks endured order voice heartfelt thanks discuss possibilities emerge todays vote Hillary rattling sabres war Russia mass awakening occurring hopefully military war reject orders destroy civilization historic historic vote Trump duke aired replayed eastern eastern.
Staff,2016-11-08T05:41:11.897+02:00,davidduke.com,Real,David duke slams nfl black matter football game Senate campaign nfl bosses cringe.,Trump wins presidency duke falls heroic effort Trump wins presidency duke falls heroic effort cnn Hillary Donald Trump concede cnn networks states pennsylvania Trump life.
Dr. Patrick Slattery,2016-11-08T21:18:56.953+02:00,davidduke.com,Real,Election rigging tricks Trump brexit slattery collett.,David duke pastor dankof discuss magnificent victory Donald Trump globalist warmongers criminals david duke pastor dankof discuss magnificent victory Donald Trump globalist warmongers criminals duke pastor mark dankof discuss historic victory achieved although duke amidst unfair rigged system bid Senate doubt altright movement propagated dukes narrative decisive Donald trumps woken nick avoid global armageddon hillarys zio handlers lurching done wall importantly repeal immigration act American voters longer fed lies deceit unchallenged red pill public existence jewish domination society country America great aired replayed eastern eastern.
Dr. Patrick Slattery,2016-11-08T21:18:57.234+02:00,davidduke.com,Real,David duke exults begin America confident whatever outcome tonight awakened.,Macdonald duke expose vicious war Trump jewish establishment macdonald duke expose vicious war Trump jewish establishment duke professor kevin macdonald guest hour discussed importance Trump victory well needs done agreed immigration thing term repealing act also pointed phenomenon whites voting ethnic interests hearing white women going vote Trump wound supporting margin half white women college education supported Trump despite years jewish indoctrination college white millennials showing path forward please widely aired replayed eastern eastern.
Dr. Patrick Slattery,2016-11-09T11:07:02.305+02:00,davidduke.com,Real,Trump wins presidency duke falls heroic effort.,David duke andrew anglin red pill white pill hour ultimate political incorrectness david duke andrew anglin red pill white pill hour ultimate political incorrectness duke daily stormer publisher andrew anglin guest hour talked needs done Trump administration also talked double standards morality applied whites nonwhites whites forever condemned jewish cultural overlords slavery holocaust massive crimes perpetrated aztecs zulus turks arabs others historical period glossed great spread friends weekend aired replayed eastern eastern.
Dr. Patrick Slattery,2016-11-09T20:23:49.158+02:00,davidduke.com,Real,David duke pastor dankof discuss magnificent victory Donald Trump globalist warmongers criminals.,Views david duke releases undertaken cnn presidentelect Donald Trump viewswhich course unused broadcaster.
Dr. Patrick Slattery,2016-11-10T20:09:17.905+02:00,davidduke.com,Real,Macdonald duke expose vicious war Trump jewish establishment.,Views duke slattery discuss color revolution Trump jewish war America duke patrick slattery guest hour discussed soros companyfueled demonstrations going cities United States bear resemblance color revolutions soros countries world overturn results elections overthrow governments kosher talked medias continuing attack Trump granted minutes leslie stahl constantly interrupted preventing answering questions posed Trump importantly insisted bypass communicate directly supporters.
Dr. Patrick Slattery,2016-11-11T21:36:38.445+02:00,davidduke.com,Real,David duke andrew anglin red pill white pill hour ultimate political incorrectness.,Views duke slattery survival depends defeat jewish power duke focused threat jews infiltrating taking movements potential base opposing jewish power altright includes extremely critical jewish power ignore downplay wary establishment efforts parachute leaders movement focus attention away jewish issue whether milo alex jones slattery joined recounted jews culture self criticism among whites resulting environment push immigration act fundamentally transformed demographics country extent miracle whites simply elect president choice extremely informative edifying please widely aired replayed eastern eastern.
Dr. Patrick Slattery,2016-11-15T01:37:15.948+02:00,davidduke.com,Real,Color revolution Trump.,National bugle radio slattery dankof patrick slattery pastor mark dankof discuss tremendous victory Donald Trump disgraceful ongoing attack political establishment jewish cabal represented george soros seems spread color revolutions America.
Dr. Patrick Slattery,2016-11-16T00:55:00.000+02:00,davidduke.com,Real,Survival depends defeat jewish power.,Duke pastor dankof quote jews boasting jewish power duke reverend mark dankof guest hour presented combination proclamations leading jewish authors demonstrates shadow doubt jewish domination also nefarious ends pursuing document everything porn industry designed weaken traditional white Christian morality identity solidarity rev dankof quoted former reagan administration assistant treasury secretary paul craig roberts farther ever done identifying jewish nature power establishment America establishment fighting presidentelect Trump tooth nail seems sea change becoming willing point emperor clothes powerful duke ever done jewish domination anyone jolted awake aired replayed eastern eastern.
Staff,2016-11-15T21:26:00.000+02:00,davidduke.com,Real,Forward liberation peoples paradigm human diversity freedom.,David duke exposes lies msnbc greenblatt adl duke addressed attack msnbcs lawrence odonnell overpaid shill antidefamation league chairman jonathan greenblat professional jewish censorship overlord dukes term jewish supremacist describe senator barbara boxer senator boxers Israel domestic jewish agenda president Obama signs united statesisrael enhanced security cooperation act oval office richard stone chairman conference presidents American jewish organizations sen barbara boxer dca howard friedman chair aipac rep howard berman dca lee rosenberg aipac chair coincidence standing behind Obama jewish slattery joined pointed hypocrisy jonathan greenblat calling Donald Trump appoint steve bannon administration allegations kids school jews greenblats staff adl kids jewishonly schools great please widely aired replayed eastern eastern.
Dr. Patrick Slattery,2016-11-16T11:07:07.314+02:00,davidduke.com,Real,Slattery dankof,David duke Trump appoints men America presidentelect Donald trumps appointment bannon flynn sessions steps arduous project taking America Trump chief strategist bannon repeatedly exposed vicious war white breitbart national security head flynn realizes americas foreign downright traitorous radical jihadists saudi arabia natural allies Christian Muslim moderate secularists syria also understands Putin Christian Russia enemy ally avowed enemy jewish warmonger traitors neocons intensely hate army general puts America attorney general sessions hated years jewishdominated opposition massive immigration America fact dared publicly oppose massive institutionalized racial discrimination white affirmative action Senate confirmation hearings senators demand expose blatant political blather equal opportunity white face massive racial discrimination well hate campaign ancestors America demand protection civil Americans white everyone judged merit unfair destructive antiwhite affirmative action racist policies dominate corporations federal state city governments colleges educational institutions bravo president Trump great steps.
Dr. Patrick Slattery,2016-11-21T20:36:46.070+02:00,davidduke.com,Real,Greatest mass murderers jews jewish columnist.,Duke andrew anglin voice Republican party duke daily stormer publisher andrew anglin guest hour talked revolution occurred Republican party Republican establishment everything Donald Trump president elect spite andrew anglin suggested altright white nationalists join Republican party order replace establishment also talked agenda incoming Trump administration personnel decisions communications press indicate platform enunciated election campaign great wont miss please widely aired replayed eastern eastern.
Dr. Patrick Slattery,2016-11-21T13:07:00.000+02:00,davidduke.com,Real,National bugle radio step overthrowing jewish power.,Tulsi gabbard secretary state example political realignment patrick slattery Donald Trump hawaii congresswoman tulsi gabbard mentioned secretary state secretary defense iraq war combat veteran hawaii national guard preferable jobs john bolton rudi giuliani mitt romney candidate ranks Washington establishment unique principled opponent intervention syria wants United States supporting ISIS rebel groups russians iranians hezbollah president assad defeat jihadists syrian civil war armed invasion civil war approach issue signature issue armed services foreign affairs committees shes perfect noted least pays lipservice Israel everyone capital hill lets face zionism established religion America religious office fault condemned government thenukrainian president victor yanukovich Hillary clintons erstwhile secretary state victoria nuland organizing overthrow gabbard everyone else Congress supported arming jewishdominated government nuland kiev congressional mention ukraine since vocal opposition starting world war iii Russia syria seems indicate Russia realistic noted elsewhere line trumps benefit appointing gabbard secretary state trigger badly realignment American politics ralph nader telling difference democrats republicans divisive issues politics existential issues face society world litmus politics lifetime abortion engender emotions hardly ranks nuclear war threat humanity cannot staunchly antiwar voted prowar Democrat john kerry bush appointing prolife judges supreme court talk getting priorities backwards despite senior statesmen mikhail gorbachev warning threat nuclear world war iii never higher foreign absent campaign nonmainstream elements paleoconservatives altright greens stray individuals stephen cohen managed finally injected campaign nick close election case difference point war priority immigration difference postapocalyptic mad max world course organize opposing jewish power care war awake fact Israel role organizing feature americas political alignment parties unanimously blindly realignment proceeds America noninterventionist foreign America immigration natural outcome Trump embraces gabbard rejects neocons goy toys mitt romney clarify sides struggle party labels mean nothing romney ryan opposing Trump tons Republican party conceivably rally trumps foreign policies imperative Donald point bringing profile positions visibly snubbing enemies Republican party.
Staff,2016-11-22T02:49:11.854+02:00,davidduke.com,Real,Duke andrew anglin voice Republican party.,Duke lauds white hero richard spencer npi alt duke applauded national institute director richard spencer staged conference venue Washington focused white interests discussed jewish power threat white interests crossed boundary taboo realm jewish power spencer vicious attack mainstream segments alternative revealing nothing zionist tools slattery joined commented significance visibility spencer ability stage conference addressing reality jewish power eyes amazing progress making please widely aired replayed eastern eastern.
Dr. Patrick Slattery,2016-11-22T21:56:09.388+02:00,davidduke.com,Real,Tulsi gabbard secretary state example political realignment.,Chart mind russell epic breakdown underway david stockman posted david stockmans contra corner mainstream delusions cant warfare state bailout state bubble finance beltway banditry ripped refuted rebuked david stockmans latest posts well model portfolio lee adlers daily data dive davids personally curated insights leading contrarian thinkers.
Dr. Patrick Slattery,2016-11-23T22:52:26.111+02:00,davidduke.com,Real,Duke lauds white hero richard spencer npi alt.,Great wall streetwashington con job recovery didnt david stockman days debunking notion imperial washingtons massive monetary fiscal stimulus caused socalled recovery contrary poisoned regenerative powers American capitalism causing capital resources flow street economy speculative casinos wall street.
